updateTime,nom,ajoute_par,﻿addTime,id
2023-03-26 17:06:54.437000+00:00,ÉDUCATION,IwXqh3xp8hThQlDQH6wLJo39eS02,2023-03-26 17:06:54.309000+00:00,48Oxzwdhu2crSuSb9jyD
2023-03-26 17:08:21.923000+00:00,AGROALIMENTAIRE,IwXqh3xp8hThQlDQH6wLJo39eS02,2023-03-26 17:08:21.708000+00:00,H1rNSqdq9p7Ptonzir0W
2023-09-21 16:08:21.845000+00:00,BÂTIMENT & AMEUBLEMENT,IwXqh3xp8hThQlDQH6wLJo39eS02,2023-03-26 17:06:14.130000+00:00,NMm07ka3XBMO7S0N6T7y
2023-03-26 17:04:47.653000+00:00,ÉVÉNEMENTIEL,IwXqh3xp8hThQlDQH6wLJo39eS02,2023-03-26 17:03:39.422000+00:00,R3XawjusHQ57Mla9yIcm
2023-03-26 17:05:17.469000+00:00,TRANSPORT,IwXqh3xp8hThQlDQH6wLJo39eS02,2023-03-26 17:05:17.339000+00:00,atJ7z1W4KzLIoNJZFrY9
2023-03-26 17:08:36.241000+00:00,SANTÉ,IwXqh3xp8hThQlDQH6wLJo39eS02,2023-03-26 17:08:36.138000+00:00,eOl1l1Abvz8xoq5ABwtt
2023-03-26 17:05:43.557000+00:00,SOINS & BEAUTÉ,IwXqh3xp8hThQlDQH6wLJo39eS02,2023-03-26 17:05:43.321000+00:00,fNm6RTc6SfFtjJ73hnTx
2023-03-26 17:06:37.014000+00:00,FOURNISSEURS DE SERVICES,IwXqh3xp8hThQlDQH6wLJo39eS02,2023-03-26 17:06:36.882000+00:00,tT8yKDzWw4zoQtl2g6gm
2023-03-26 17:04:18.747000+00:00,JURIDIQUE,IwXqh3xp8hThQlDQH6wLJo39eS02,2023-03-26 17:04:18.637000+00:00,uYQhDPTqxbOSjzxNOimn
